{
    "CustomerRequest": {
        "$txt": "customer request",

        "cloudProvider": {
            "txt": "cloud provider",
            "q": "what is the chosen cloud provider?",
            "info": "Please indicate the cloud provider chosen by the customer. If the customer has not made any choice yet, good default choices are AWS or GCP."
        },
        "mustHaveDedicatedEnv": {
            "txt": "must have a dedicated environment",
            "q": "does the customer require a dedicated environment?"
        },
        "mustHavePrivateEndpoints": {
            "txt": "must have private endpoints",
            "q": "does the customer require private endpoints?"
        },
        "mustHaveSubSecondLatency": {
            "txt": "must have subsecond latency",
            "q": "does the customer require subsecond latency?"
        },
        "isProductionUseCase": {
            "txt": "is a production use case",
            "q": "is this a production use case?"
        },
        "ingress": { "txt": "ingress in MBps" },
        "egress": { "txt": "egress in MBps" },
        "throughput":  { "txt": "throughput in MBps" },
        "numberOfConnections":  { "txt": "number of connections" }
    },
    "Cluster": {
        "minNumberOfNodes": { "txt": "minimum number of nodes" }
    },
    "OptionA": {
        "capacity": { "q": "what is the capacity for OptionA?" }
    },
    "EmailNotification": {
        "email": { "q": "what is the notification email?" }
    },
    "OptionB2": {
        "quantity": { "q": "what is the quantity for OptionB2?" }
    },
    "SubComponent": {
        "code": {
            "q": "what is the code of the component?",
            "info": "Please enter a component code. A code is made of a letter between 'A' and 'C' followed by a digit between '1' and '3'."
        },
        "capacity": { "q": "what is the capacity of the component?" }
    }
}